index,TransactionNo,TotalMoney
0,581483,1002718.1000000001
1,541431,840113.8
2,574941,184880.85
3,576365,184148.76
4,556917,172833.47999999998
5,567423,161373.58
6,563076,159953.82
7,572035,153882.12
8,563614,137836.8
9,562439,135571.26
